company,country,type,founder_name,linkedin_url,website,hook
Wolfgang Digital,Ireland,Digital Marketing,Alan Coleman,https://www.linkedin.com/in/alanc0leman/,https://wolfgangdigital.com,contract risk
VROOM Digital,Ireland,Digital Marketing,Shane Curtin,https://www.linkedin.com/in/shanecurtin/,https://vroomdigital.ie,contract risk
Friday Agency,Ireland,Digital Marketing / UX,Graham Carroll,https://www.linkedin.com/in/grahamcarroll/,https://friday.ie,contract risk
Ebow Digital,Ireland,Digital Agency,David Douglas,https://www.linkedin.com/in/daviddouglas/,https://ebow.com,contract risk
Core Optimisation,Ireland,Digital Transformation,Caroline Dunlea,https://www.linkedin.com/in/carolinedunlea/,https://coreoptimisation.com,contract risk
Kola Digital,Ireland,Digital Agency,Krystle Foley,https://www.linkedin.com/in/krystlefoley/,https://koladigital.ie,contract risk
Escalate Digital Marketing,Ireland,Digital Marketing,Andrew Nolan,https://www.linkedin.com/in/andrewnolan/,https://escalatedigital.ie,contract risk
Annertech,Ireland,Digital / Drupal,Stella Power,https://www.linkedin.com/in/stella-power/,https://annertech.com,contract risk
Square Root Solutions,Ireland,Software Development,Ciaran Stone,https://www.linkedin.com/in/ciaranstone/,https://squarerootsolutions.ie,contract risk
Octave Digital,Ireland,Digital Agency,Paul McGarrity,https://www.linkedin.com/in/paulmcgarrity/,https://octavedigital.com,contract risk
Revolution,Ireland,Digital / Sustainable,Maciej Sroka,https://www.linkedin.com/in/maciejsroka/,https://revolution.ie,contract risk
Dalia Digital,Ireland,Digital Marketing,Cidalia Ribeiro,https://www.linkedin.com/in/cidaliaribeiro/,https://daliadigital.ie,contract risk
Luminosity Digital,Ireland,Digital Marketing,Aoife McIlraith,https://www.linkedin.com/in/aoifemcilraith/,https://luminositydigital.ie,contract risk
Foundari,Ireland,Digital Agency,Justin Angelson,https://www.linkedin.com/in/justinangelson/,https://foundari.ie,contract risk
Treaty Software,Ireland,Software Development,Damien Lee,https://www.linkedin.com/in/damienlee/,https://treatysoftware.ie,contract risk
DNA Digital,UK,Mobile App Development,Nathan Mathan,https://www.linkedin.com/in/nathanmathan/,https://dnadigital.co.uk,contract risk
Sonin,UK,App Development,Paul Jarrett,https://www.linkedin.com/in/pauldjarrett/,https://sonin.agency,contract risk
Ghyston,UK,Software Development,Emily Hill,https://www.linkedin.com/in/emilyhill/,https://ghyston.com,contract risk
Studio 24,UK,Digital Agency,Simon Jones,https://www.linkedin.com/in/simonrjones/,https://studio24.net,contract risk
mmtm,UK,Digital / Mobile,Rupert Maspero,https://www.linkedin.com/in/rupertmaspero/,https://mmtm.co.uk,contract risk
PeakCode,UK,Software Consultancy,Owain,https://www.linkedin.com/in/owain/,https://peakcode.co.uk,contract risk
Darwin,UK,B2B Marketing,Matthew Hughes,https://www.linkedin.com/in/matthewhughes/,https://darwin-marketing.com,contract risk
Agilita Digital,UK,Digital Marketing,Alex Humphries,https://www.linkedin.com/in/alexhumphries/,https://agilitadigital.co.uk,contract risk
Aqueous Digital,UK,SEO / Marketing,Jonathan Guy,https://www.linkedin.com/in/jonathanguy/,https://aqueousdigital.co.uk,contract risk
SHC Digital,UK,Performance Marketing,Sally Hawkesford,https://www.linkedin.com/in/sallyhawkesford/,https://shcdigital.co.uk,contract risk
Absolute Digital Media,UK,Digital Marketing,Ben Austin,https://www.linkedin.com/in/ben-austin/,https://absolute.digital,contract risk
Brick Digital,UK,SEO / Marketing,Lorenzo Luiso,https://www.linkedin.com/in/lorenzoluiso/,https://brickdigital.co.uk,contract risk
Leopard Co,UK,Marketing Comms,Rachel Roberts,https://www.linkedin.com/in/rachelroberts/,https://leopardco.co.uk,contract risk
Fifth Ring,UK,B2B Marketing,Ian Ord,https://www.linkedin.com/in/ianord/,https://fifthring.com,contract risk
Metamindz UK,UK,Software Development,founder on LinkedIn,https://www.linkedin.com/company/metamindz-uk/,https://metamindz.co.uk,contract risk
AS Marketing,Germany,Marketing,Adriana Stein,https://www.linkedin.com/in/adrianastein/,https://asmarketing.de,contract risk
LEICHTSINN media,Germany,Social Media Marketing,Jan-Eike Reith,https://www.linkedin.com/in/janeikereith/,https://leichtsin.media,contract risk
HEAD. Marketing,Germany,Marketing,Bernd Hermann,https://www.linkedin.com/in/berndhermann/,https://head-marketing.de,contract risk
Online-Profession,Germany,Digital / SEO,Martin Witte,https://www.linkedin.com/in/martinwitte/,https://online-profession.de,contract risk
trara,Germany,Digital Agency,Niklas Buschner,https://www.linkedin.com/in/niklasbuschner/,https://trara.agency,contract risk
KlickPiloten,Germany,Digital Marketing,Stephan Sigloch,https://www.linkedin.com/in/stephan-sigloch/,https://klickpiloten.de,contract risk
comprisma GmbH,Germany,Marketing Consultancy,Bjoern Berensmann,https://www.linkedin.com/in/bjoernberensmann/,https://comprisma.de,contract risk
thjnk,Germany,Advertising,Karen Heumann,https://www.linkedin.com/in/karenheumann/,https://thjnk.de,contract risk
FUERSTVONMARTIN,Germany,Digital,founder on site,https://www.linkedin.com/company/fuerstvonmartin/,https://fuerstvonmartin.de,contract risk
Stratum Global,Germany,Marketing,Robert Jacobi,https://www.linkedin.com/in/robertjacobi/,https://stratum.global,contract risk
Flywheel Digital,Canada,Technical Marketing,Michael Steele,https://www.linkedin.com/in/michaelsteele/,https://flywheeldigital.ca,contract risk
TBL Digital,Canada,Growth Marketing,Kanak Aggarwal,https://www.linkedin.com/in/kanakaggarwal/,https://tbldigital.ca,contract risk
Periphery Digital,Canada,Digital Marketing,Alex Wan,https://www.linkedin.com/in/alexwan/,https://peripherydigital.com,contract risk
Kinex Media,Canada,Digital Agency,Amir Waheed,https://www.linkedin.com/in/amirwaheed/,https://kinexmedia.ca,contract risk
First Rank,Canada,Digital Advertising,Jacob Kettner,https://www.linkedin.com/in/jacobkettner/,https://firstrank.ca,contract risk
Hilborn Digital,Canada,Digital Agency,Sarah Halsey,https://www.linkedin.com/in/sarahhalsey/,https://hilborn.ca,contract risk
YEG Digital,Canada,Marketing,Paul Letourneau,https://www.linkedin.com/in/paulsletourneau/,https://yegdigital.ca,contract risk
The Gnar Company,USA,Software Consultancy,Mike Stone,https://www.linkedin.com/in/mikestone/,https://thegnar.co,contract risk
Mobelux,USA,Digital Agency,Jeff Rock,https://www.linkedin.com/in/jeffrock/,https://mobelux.com,contract risk
Simple Thread,USA,Digital Product Design,Justin Etheredge,https://www.linkedin.com/in/justinetheredge/,https://simplethread.com,contract risk
